module,A_declarative,B_button,B_route,B_server,UFP
account,757.0,46.0,39.0,7.0,849.0
calendar,86.0,9.0,32.0,0.0,127.0
contacts,50.0,0.0,0.0,0.0,50.0
crm,305.0,7.0,10.0,1.0,322.0
data_recycle,52.0,3.0,0.0,0.0,55.0
fleet,331.0,5.0,0.0,1.0,336.0
hr,393.0,10.0,0.0,2.0,405.0
hr_attendance,104.0,8.0,42.0,2.0,156.0
hr_expense,196.0,8.0,0.0,0.0,204.0
hr_holidays,330.0,15.0,16.0,1.0,361.0
hr_recruitment,403.0,11.0,0.0,1.0,415.0
hr_skills,105.0,1.0,3.0,1.0,110.0
im_livechat,185.0,4.0,171.0,0.0,360.0
lunch,224.0,7.0,19.0,2.0,252.0
mail,815.0,28.0,207.0,0.0,1049.0
maintenance,183.0,2.0,0.0,0.0,185.0
marketing_card,55.0,6.0,10.0,0.0,70.0
mass_mailing,299.0,29.0,55.0,0.0,383.0
mass_mailing_sms,95.0,3.0,10.0,0.0,108.0
mrp,456.0,40.0,0.0,6.0,502.0
point_of_sale,440.0,18.0,29.0,1.0,488.0
pos_restaurant,37.0,0.0,0.0,0.0,37.0
project,401.0,12.0,29.0,3.0,445.0
project_todo,43.0,1.0,0.0,0.0,44.0
purchase,282.0,17.0,16.0,2.0,318.0
repair,125.0,13.0,0.0,1.0,139.0
sale_management,51.0,0.0,3.0,0.0,54.0
stock,773.0,46.0,3.0,12.0,834.0
survey,144.0,14.0,71.0,1.0,230.0
website,251.0,8.0,184.0,1.0,444.0
website_event,84.0,0.0,29.0,0.0,113.0
website_hr_recruitment,38.0,0.0,0.0,0.0,38.0
website_sale,230.0,1.0,187.0,4.0,422.0
website_slides,266.0,8.0,126.0,0.0,400.0
